episode_number,exact_public_title,title_rss,title_youtube,title_conflict,publish_date,duration,duration_seconds,guest_name,youtube_url,audio_enclosure_url,rss_episode_url,youtube_match_method,youtube_captions_exist,listen_notes_transcript,has_timestamps,has_quotes,has_hashtags,has_guest_links,description_chars
0124,Adding 'A Conscious Breathing Break' To Your Daily Vocabulary - Episode 0124 with Sigmar Berg,Adding 'A Conscious Breathing Break' To Your Daily Vocabulary - Episode 0124 with Sigmar Berg,Adding 'A Conscious Breathing Break' To Your Daily Vocabulary - Episode 0124 with Sigmar Berg,,2026-09-01,50:28,3028,Sigmar Berg,https://www.youtube.com/watch?v=mKL9TmXlABo,https://2.gum.fm/op3.dev/e/pdcn.co/e/pscrb.fm/rss/p/pdst.fm/e/dts.podtrac.com/redirect.mp3/media.transistor.fm/5683dfd5/036229cd.mp3,https://share.transistor.fm/s/5683dfd5,episode_number,yes (en),no/unknown,yes,yes,no,yes,7493
0123,"Episode 0123: Endorphins, Love, Quantum Medicine, & the Four Bodies Model with Dr. Cristine Hull","Episode 0123: Endorphins, Love, Quantum Medicine, & the Four Bodies Model with Dr. Cristine Hull","Episode 0123: Endorphins, Love, Quantum Medicine, & the Four Bodies Model with Dr. Cristine Hull",,2026-07-25,1:02:47,3767,Dr. Cristine Hull,https://www.youtube.com/watch?v=flaC3Fc2f4k,https://2.gum.fm/op3.dev/e/pdcn.co/e/pscrb.fm/rss/p/pdst.fm/e/dts.podtrac.com/redirect.mp3/media.transistor.fm/790527bd/4b587e0f.mp3,https://share.transistor.fm/s/790527bd,episode_number,yes (en),yes,yes,yes,no,yes,12819
,Laughing Like a Hairy Oaf - Simple and playful ways to free your real voice - with Barbara McAfee,Laughing Like a Hairy Oaf - Simple and playful ways to free your real voice - with Barbara McAfee,Laughing Like a Hairy Oaf - Simple and playful ways to free your real voice - with Barbara McAfee,,2026-06-09,1:18:25,4705,Barbara McAfee,https://www.youtube.com/watch?v=29Z75N4XJhc,https://2.gum.fm/op3.dev/e/pdcn.co/e/pscrb.fm/rss/p/pdst.fm/e/dts.podtrac.com/redirect.mp3/media.transistor.fm/cbcd32aa/7c7a4116.mp3,https://share.transistor.fm/s/cbcd32aa,fuzzy:1.00,auto,yes,yes,yes,no,yes,12975
,"Surrendering The Porsche - A Conversation on Masculine Drive, Spiritual Surrender & Divine Timing","Surrendering The Porsche - A Conversation on Masculine Drive, Spiritual Surrender & Divine Timing - with Tim Fraley","Surrendering The Porsche - A Conversation on Masculine Drive, Spiritual Surrender & Divine Timing",YT≠RSS,2026-05-01,1:55:00,6900,Tim Fraley,https://www.youtube.com/watch?v=2Jkcg__K7Yw,https://2.gum.fm/op3.dev/e/pdcn.co/e/pscrb.fm/rss/p/pdst.fm/e/dts.podtrac.com/redirect.mp3/media.transistor.fm/661cd95e/72aff81a.mp3,https://share.transistor.fm/s/661cd95e,fuzzy:0.92,auto,yes,yes,yes,yes,no,6465
,"""I'm Not A Teacher, I'm A Reminder"" David Hulse and The Path To No Path","""I'm Not A Teacher, I'm A Reminder"" David Hulse and The Path To No Path","""I'm Not A Teacher, I'm A Reminder"" David Hulse and The Path To No Path",,2026-03-14,1:19:31,4771,David Hulse,https://www.youtube.com/watch?v=PVe3Fzafsis,https://2.gum.fm/op3.dev/e/pdcn.co/e/pscrb.fm/rss/p/pdst.fm/e/dts.podtrac.com/redirect.mp3/media.transistor.fm/14f14aa3/22de63a2.mp3,https://share.transistor.fm/s/14f14aa3,fuzzy:1.00,auto,yes,yes,yes,no,yes,8867
,The Story Of Trey Jones – From Prison Overdose to Witness State - The Junkyard Love Podcast EP. 0119,The Story Of Trey Jones - From Prison Overdose To Witness State - 0119,The Story Of Trey Jones – From Prison Overdose to Witness State - The Junkyard Love Podcast EP. 0119,YT≠RSS,2026-02-14,1:34:36,5676,Trey Jones,https://www.youtube.com/watch?v=eNr0xYcmoYY,https://2.gum.fm/op3.dev/e/pdcn.co/e/pscrb.fm/rss/p/pdst.fm/e/dts.podtrac.com/redirect.mp3/media.transistor.fm/e8015cb0/bbe2b6c0.mp3,https://share.transistor.fm/s/e8015cb0,fuzzy:1.00,auto,unknown,yes,yes,no,no,7779
,"What If Mania Is a Message? | Sean Blackwell on Bipolar, Trauma & Awakening",What If Mania Is a Message? - with Sean Blackwell,"What If Mania Is a Message? | Sean Blackwell on Bipolar, Trauma & Awakening",YT≠RSS,2025-11-23,1:34:17,5657,Sean Blackwell,https://www.youtube.com/watch?v=2Vj3YHVRcNY,https://2.gum.fm/op3.dev/e/pdcn.co/e/pscrb.fm/rss/p/pdst.fm/e/dts.podtrac.com/redirect.mp3/media.transistor.fm/6fdf91db/ae5754c0.mp3,https://share.transistor.fm/s/6fdf91db,fuzzy:0.71,yes (en),unknown,yes,yes,no,yes,8999
0117,"The Junkyard Love Podcast E 0117 with Blake Hull - Good morning, Blakey Boy - Grace, written in code","0117 with Blake Hull - Good morning, Blakey Boy - Grace, written in code","The Junkyard Love Podcast E 0117 with Blake Hull - Good morning, Blakey Boy - Grace, written in code",YT≠RSS,2025-10-27,2:44:02,9842,Blake Hull,https://www.youtube.com/watch?v=TVWs-RgXoWw,https://2.gum.fm/op3.dev/e/pdcn.co/e/pscrb.fm/rss/p/pdst.fm/e/dts.podtrac.com/redirect.mp3/media.transistor.fm/c25ec112/ca153cbc.mp3,https://share.transistor.fm/s/c25ec112,episode_number,auto,unknown,yes,yes,yes,no,8045
0116,"The Junkyard Love Podcast Episode 0116 w Curtis L. Harnagel - Same Room, Different Angles","0116 with Curtis L. Harnagel - Same Room, Different Angles: Creative Direction, Communication, and Deep Listening","The Junkyard Love Podcast Episode 0116 w Curtis L. Harnagel - Same Room, Different Angles",YT≠RSS,2025-08-01,2:45:56,9956,Curtis L. Harnagel,https://www.youtube.com/watch?v=9Wkx7i9CO2U,https://2.gum.fm/op3.dev/e/pdcn.co/e/pscrb.fm/rss/p/pdst.fm/e/dts.podtrac.com/redirect.mp3/media.transistor.fm/4a34cfc1/e1f9beea.mp3,https://share.transistor.fm/s/4a34cfc1,episode_number,auto,unknown,no,yes,no,yes,7451
0115,"0115 with Voice Actor, Puppeteer, Storyteller, and Sound Producer Nate Begle - The Puppet's Heart","0115 with Voice Actor, Puppeteer, Storyteller, and Sound Producer Nate Begle - The Puppet's Heart","0115 with Voice Actor, Puppeteer, Storyteller, and Sound Producer Nate Begle - The Puppet's Heart",,2025-06-30,1:31:38,5498,"Voice Actor, Puppeteer, Storyteller, and Sound Producer Nate Begle",https://www.youtube.com/watch?v=avhBziFMQHk,https://2.gum.fm/op3.dev/e/pdcn.co/e/pscrb.fm/rss/p/pdst.fm/e/dts.podtrac.com/redirect.mp3/media.transistor.fm/3d3f761a/48994a53.mp3,https://share.transistor.fm/s/3d3f761a,episode_number,auto,yes,no,yes,no,yes,4549
0114,"0114 with Ravinder Taylor - Psychotherapist, Hypnotherapist, Microbiologist, and Author - 'From Chronic Pain To Inner Power'","0114 with Ravinder Taylor - Psychotherapist, Hypnotherapist, Microbiologist, and Author - 'From Chronic Pain To Inner Power'",,,2025-05-19,1:17:07,4627,Ravinder Taylor,,https://2.gum.fm/op3.dev/e/pdcn.co/e/pscrb.fm/rss/p/pdst.fm/e/dts.podtrac.com/redirect.mp3/media.transistor.fm/283987ed/a20182b0.mp3,https://share.transistor.fm/s/283987ed,unmatched,unknown,unknown,no,yes,no,yes,6057
0113,'Later Bloom' - a conversation with Transition Mentor Wendy Cole - The Junkyard Love Podcast EP 0113,0113 with Transition Mentor Wendy Cole - Later Bloom,'Later Bloom' - a conversation with Transition Mentor Wendy Cole - The Junkyard Love Podcast EP 0113,YT≠RSS,2025-04-03,1:45:35,6335,Transition Mentor Wendy Cole,https://www.youtube.com/watch?v=rhIRCgycfvI,https://2.gum.fm/op3.dev/e/pdcn.co/e/pscrb.fm/rss/p/pdst.fm/e/dts.podtrac.com/redirect.mp3/media.transistor.fm/04190a92/2f94f143.mp3,https://share.transistor.fm/s/04190a92,episode_number,yes (en),unknown,no,yes,no,yes,5475
0112,The JYLP 0112 with David Crayk - 'True Teachings' - Interviewing My High-School Theatre Teacher,0112 with David Crayk - 'True Teachings' - Interviewing My High-School Drama Teacher 15 Years Later,The JYLP 0112 with David Crayk - 'True Teachings' - Interviewing My High-School Theatre Teacher,YT≠RSS,2025-03-19,1:39:36,5976,David Crayk,https://www.youtube.com/watch?v=IP79jwPvmb4,https://2.gum.fm/op3.dev/e/pdcn.co/e/pscrb.fm/rss/p/pdst.fm/e/dts.podtrac.com/redirect.mp3/media.transistor.fm/7a762274/7e240d2f.mp3,https://share.transistor.fm/s/7a762274,episode_number,auto,unknown,no,yes,no,no,1895
0111,The JYLP - 0111 with Nate Tanzman - Father,0111 with Nate Tanzman - Father,The JYLP - 0111 with Nate Tanzman - Father,YT≠RSS,2025-02-19,2:04:28,7468,Nate Tanzman,https://www.youtube.com/watch?v=-_mbfBLZk5Q,https://2.gum.fm/op3.dev/e/pdcn.co/e/pscrb.fm/rss/p/pdst.fm/e/dts.podtrac.com/redirect.mp3/media.transistor.fm/23984f2b/02ca8d0f.mp3,https://share.transistor.fm/s/23984f2b,episode_number,unknown,unknown,no,yes,no,yes,4109
0110,The JYLP Episode 0110 with Rebecca Wild - Turning The Lights On,0110 with Rebecca Wild - Turning The Lights On,The JYLP Episode 0110 with Rebecca Wild - Turning The Lights On,YT≠RSS,2025-01-17,1:30:22,5422,Rebecca Wild,https://www.youtube.com/watch?v=E6l8_39212o,https://2.gum.fm/op3.dev/e/pdcn.co/e/pscrb.fm/rss/p/pdst.fm/e/dts.podtrac.com/redirect.mp3/media.transistor.fm/3fa4106b/21a4b321.mp3,https://share.transistor.fm/s/3fa4106b,episode_number,unknown,unknown,no,no,no,no,4467
0109,"JYLP 0109 Retired Navy SEAL combat veteran, Author, CEO - Marty Strong - Adapt, Move, Be Different.","0109 with retired Navy SEAL combat veteran, Author, CEO - Marty Strong - Adapt, Move, Be Different.","JYLP 0109 Retired Navy SEAL combat veteran, Author, CEO - Marty Strong - Adapt, Move, Be Different.",YT≠RSS,2024-12-25,1:24:17,5057,"retired Navy SEAL combat veteran, Author, CEO",https://www.youtube.com/watch?v=7NulVdcSeGo,https://2.gum.fm/op3.dev/e/pdcn.co/e/pscrb.fm/rss/p/pdst.fm/e/dts.podtrac.com/redirect.mp3/media.transistor.fm/4e470b07/0c70e672.mp3,https://share.transistor.fm/s/4e470b07,fuzzy:0.97,unknown,unknown,no,yes,no,yes,2881
0108,The JYLP Episode 0108 - with Author of 'The Human Idea' Anne Riley - 'Always Evolution Occurs',0108 with Author of 'The Human Idea' Anne Riley - Always Evolution Occurs,The JYLP Episode 0108 - with Author of 'The Human Idea' Anne Riley - 'Always Evolution Occurs',YT≠RSS,2024-12-15,1:32:32,5552,Author of 'The Human Idea' Anne Riley,https://www.youtube.com/watch?v=xOsh-DCh6qU,https://2.gum.fm/op3.dev/e/pdcn.co/e/pscrb.fm/rss/p/pdst.fm/e/dts.podtrac.com/redirect.mp3/media.transistor.fm/6b9b704a/38887975.mp3,https://share.transistor.fm/s/6b9b704a,episode_number,unknown,unknown,no,yes,no,yes,4969
0107,The JYLP - 0107 with Marriage Coaches Meredith and Craig Bennett - Marriage Needs Sunlight and Water,0107 with Marriage Coaches Meredith and Craig Bennett - Marriage Needs Sunlight and Water,The JYLP - 0107 with Marriage Coaches Meredith and Craig Bennett - Marriage Needs Sunlight and Water,YT≠RSS,2024-11-24,52:28,3148,Marriage Coaches Meredith and Craig Bennett,https://www.youtube.com/watch?v=qbHfLb82JQ4,https://2.gum.fm/op3.dev/e/pdcn.co/e/pscrb.fm/rss/p/pdst.fm/e/dts.podtrac.com/redirect.mp3/media.transistor.fm/0d9b7634/77f1e037.mp3,https://share.transistor.fm/s/0d9b7634,episode_number,unknown,unknown,no,yes,no,yes,3697
0106,The JYLP Ep 0106 with Connector and Operations Manager Cameron 'Cam' Reid - Cleaning The Floors Well,0106 with Connector and Operations Manager Cameron 'Cam' Reid - Cleaning The Floors Well,The JYLP Ep 0106 with Connector and Operations Manager Cameron 'Cam' Reid - Cleaning The Floors Well,YT≠RSS,2024-09-27,1:43:13,6193,Connector and Operations Manager Cameron 'Cam' Reid,https://www.youtube.com/watch?v=pYb1mb5Z-9c,https://2.gum.fm/op3.dev/e/pdcn.co/e/pscrb.fm/rss/p/pdst.fm/e/dts.podtrac.com/redirect.mp3/media.transistor.fm/642f7453/bf7d4781.mp3,https://share.transistor.fm/s/642f7453,episode_number,unknown,unknown,no,no,no,no,3395
0105,The JYLP 0105 w Tutor and Educational Consultant Matt McGee - How To Stand Out In College Admissions,0105 with Tutor and Educational Consultant Matt McGee - How To Stand Out In College Admissions,The JYLP 0105 w Tutor and Educational Consultant Matt McGee - How To Stand Out In College Admissions,YT≠RSS,2024-08-15,1:07:20,4040,Tutor and Educational Consultant Matt McGee,https://www.youtube.com/watch?v=z2UkSzMzMns,https://2.gum.fm/op3.dev/e/pdcn.co/e/pscrb.fm/rss/p/pdst.fm/e/dts.podtrac.com/redirect.mp3/media.transistor.fm/ef1661da/61b64efd.mp3,https://share.transistor.fm/s/ef1661da,fuzzy:0.96,unknown,unknown,no,no,no,no,2349
0104,The JYLP Episode 0104 with Author and Spiritual Coach Julie Hoyle - 'Awakening From The Lucid Dream',0104 with Author and Spiritual Coach Julie Hoyle - 'Awakening From The Lucid Dream',The JYLP Episode 0104 with Author and Spiritual Coach Julie Hoyle - 'Awakening From The Lucid Dream',YT≠RSS,2024-04-06,1:21:49,4909,Julie Hoyle,https://www.youtube.com/watch?v=M3FcTaXZzj8,https://2.gum.fm/op3.dev/e/pdcn.co/e/pscrb.fm/rss/p/pdst.fm/e/dts.podtrac.com/redirect.mp3/media.transistor.fm/2025de0b/1ef4a8ed.mp3,https://share.transistor.fm/s/2025de0b,episode_number,unknown,unknown,no,yes,no,yes,4917
0103,0103 with Landon 'Dirtyzen' Smith - Breaking Into The Abyss,0103 with Landon 'Dirtyzen' Smith - Breaking Into The Abyss,0103 with Landon 'Dirtyzen' Smith - Breaking Into The Abyss,,2023-12-19,1:48:49,6529,Landon 'Dirtyzen' Smith,https://www.youtube.com/watch?v=y4-VWyUL_T0,https://2.gum.fm/op3.dev/e/pdcn.co/e/pscrb.fm/rss/p/pdst.fm/e/dts.podtrac.com/redirect.mp3/media.transistor.fm/1e76c3c6/dc05e00c.mp3,https://share.transistor.fm/s/1e76c3c6,episode_number,unknown,unknown,no,yes,no,yes,4471
0102,0102 with Megan Hawkins From 'BetterU' Psychedelic Therapy - Ketamine To Heal Anxiety And Depression,0102 with Megan Hawkins From 'BetterU' Psychedelic Therapy - At Home Ketamine Therapy To Heal Anxiety And Depression,0102 with Megan Hawkins From 'BetterU' Psychedelic Therapy - Ketamine To Heal Anxiety And Depression,YT≠RSS,2023-09-11,2:54:59,10499,Megan Hawkins From 'BetterU' Psychedelic Therapy,https://www.youtube.com/watch?v=zlQCXoUdWNk,https://2.gum.fm/op3.dev/e/pdcn.co/e/pscrb.fm/rss/p/pdst.fm/e/dts.podtrac.com/redirect.mp3/media.transistor.fm/a144d058/82ace246.mp3,https://share.transistor.fm/s/a144d058,episode_number,unknown,unknown,yes,yes,no,yes,15255
0101,The JYLP 0101 with Keenan 'Hurricane' Harvey - Taking Care Of What You Can Reach,0101 with Keenan 'Hurricane' Harvey - Taking Care Of What You Can Reach,The JYLP 0101 with Keenan 'Hurricane' Harvey - Taking Care Of What You Can Reach,YT≠RSS,2023-08-09,2:40:29,9629,Keenan 'Hurricane' Harvey,https://www.youtube.com/watch?v=ILAlPLrVsig,https://2.gum.fm/op3.dev/e/pdcn.co/e/pscrb.fm/rss/p/pdst.fm/e/dts.podtrac.com/redirect.mp3/media.transistor.fm/372507ac/1e9ed8d1.mp3,https://share.transistor.fm/s/372507ac,episode_number,unknown,unknown,no,no,no,no,3337
0100,0100 JacobFromTheInternet - Mystical Experience And Spiritual Practice To Radically Change The Mind,0100 with Jacob From The Internet - Mystical Experience And Spiritual Practice To Radically Change The Mind,0100 JacobFromTheInternet - Mystical Experience And Spiritual Practice To Radically Change The Mind,YT≠RSS,2023-08-07,2:04:28,7468,Jacob From The Internet,https://www.youtube.com/watch?v=jaJ_enZhLDI,https://2.gum.fm/op3.dev/e/pdcn.co/e/pscrb.fm/rss/p/pdst.fm/e/dts.podtrac.com/redirect.mp3/media.transistor.fm/d6e8d312/938db21e.mp3,https://share.transistor.fm/s/d6e8d312,episode_number,unknown,unknown,yes,yes,no,yes,6437
0099,The Junkyard Love Podcast Episode 099 with Brent Spirit - A Kundalini Awakening Story,099 with Brent Spirit - A Kundalini Awakening Story,The Junkyard Love Podcast Episode 099 with Brent Spirit - A Kundalini Awakening Story,YT≠RSS,2023-07-08,1:59:33,7173,Brent Spirit,https://www.youtube.com/watch?v=-Bygy52__es,https://2.gum.fm/op3.dev/e/pdcn.co/e/pscrb.fm/rss/p/pdst.fm/e/dts.podtrac.com/redirect.mp3/media.transistor.fm/b6b085f3/88cc5e59.mp3,https://share.transistor.fm/s/b6b085f3,episode_number,unknown,unknown,no,yes,no,yes,5219
0098,"098 with Swami Nityananda - Be Still, As The Universe Plays Through You","098 with Swami Nityananda - Be Still, As The Universe Plays Through You","098 with Swami Nityananda - Be Still, As The Universe Plays Through You",,2023-05-08,59:30,3570,Swami Nityananda,https://www.youtube.com/watch?v=cQ1mtQ_UfB0,https://2.gum.fm/op3.dev/e/pdcn.co/e/pscrb.fm/rss/p/pdst.fm/e/dts.podtrac.com/redirect.mp3/media.transistor.fm/a4f7a197/01d3c985.mp3,https://share.transistor.fm/s/a4f7a197,episode_number,unknown,unknown,no,yes,no,yes,6091
0097,The JYLP Episode 097 with Kevin Foreman - Fighting For Sobriety,097 with Kevin Foreman - Fighting For Sobriety,The JYLP Episode 097 with Kevin Foreman - Fighting For Sobriety,YT≠RSS,2023-03-08,1:24:21,5061,Kevin Foreman,https://www.youtube.com/watch?v=n1s0m3ZyCr4,https://2.gum.fm/op3.dev/e/pdcn.co/e/pscrb.fm/rss/p/pdst.fm/e/dts.podtrac.com/redirect.mp3/media.transistor.fm/cf7cd2e4/4b8ac833.mp3,https://share.transistor.fm/s/cf7cd2e4,episode_number,unknown,unknown,no,yes,no,yes,2225
0096,"The JYLP ep 096 with Jordenelle Tsugawa - The Forever Umbilical Cord, And Grand-Mother Ayahuasca","096 with Jordenelle Tsugawa - The Forever Umbilical Cord, And Grand-Mother Ayahuasca","The JYLP ep 096 with Jordenelle Tsugawa - The Forever Umbilical Cord, And Grand-Mother Ayahuasca",YT≠RSS,2023-02-09,1:21:35,4895,Jordenelle Tsugawa,https://www.youtube.com/watch?v=52ZW3yf6QTY,https://2.gum.fm/op3.dev/e/pdcn.co/e/pscrb.fm/rss/p/pdst.fm/e/dts.podtrac.com/redirect.mp3/media.transistor.fm/329edb99/54c02a93.mp3,https://share.transistor.fm/s/329edb99,episode_number,unknown,unknown,no,no,no,no,1879
0095,The JYLP ep 095 with Rapper & CEO Bobby Barrz - The Only Real Game In Town Is Betting On Yourself,095 with Rapper & CEO Bobby Barrz - The Only Real Game In Town Is Betting On Yourself,The JYLP ep 095 with Rapper & CEO Bobby Barrz - The Only Real Game In Town Is Betting On Yourself,YT≠RSS,2023-02-04,1:48:41,6521,Rapper & CEO Bobby Barrz,https://www.youtube.com/watch?v=gPfqqS6CC4k,https://2.gum.fm/op3.dev/e/pdcn.co/e/pscrb.fm/rss/p/pdst.fm/e/dts.podtrac.com/redirect.mp3/media.transistor.fm/888f1109/dd8cc41d.mp3,https://share.transistor.fm/s/888f1109,episode_number,unknown,unknown,no,no,no,yes,3415
0094,"The JYLP Episode 094 with 1/3 Billionaire John Lefebvre - Acid, Intellect, Money, and Morality","094 with 1/3 Billionaire John Lefebvre - Acid, Intellect, Money, and Morality","The JYLP Episode 094 with 1/3 Billionaire John Lefebvre - Acid, Intellect, Money, and Morality",YT≠RSS,2022-12-29,1:15:40,4540,1/3 Billionaire John Lefebvre,https://www.youtube.com/watch?v=ivq1xUi67DM,https://2.gum.fm/op3.dev/e/pdcn.co/e/pscrb.fm/rss/p/pdst.fm/e/dts.podtrac.com/redirect.mp3/media.transistor.fm/2364d9f3/1f3b3afd.mp3,https://share.transistor.fm/s/2364d9f3,episode_number,unknown,unknown,no,yes,no,yes,5565
0093,The JYLP Episode 093 - I Know Great Men Stuck In Costumes Of Sadness,093 - I Know Great Men Stuck In Costumes Of Sadness,The JYLP Episode 093 - I Know Great Men Stuck In Costumes Of Sadness,YT≠RSS,2022-12-12,2:07:26,7646,unknown,https://www.youtube.com/watch?v=V-JtA2fS4Y0,https://2.gum.fm/op3.dev/e/pdcn.co/e/pscrb.fm/rss/p/pdst.fm/e/dts.podtrac.com/redirect.mp3/media.transistor.fm/1d74954c/d36d9bb0.mp3,https://share.transistor.fm/s/1d74954c,episode_number,unknown,unknown,no,no,no,no,947
0092,The JYLP Episode 092 with Roman Merrell of 'RFTA Podcast' - A Complicated Historical Paradigm,092 with Roman Merrell of 'RFTA Podcast' - A Complicated Historical Paradigm,The JYLP Episode 092 with Roman Merrell of 'RFTA Podcast' - A Complicated Historical Paradigm,YT≠RSS,2022-12-11,2:03:39,7419,Roman Merrell of 'RFTA Podcast',https://www.youtube.com/watch?v=sHyTTCMYUSY,https://2.gum.fm/op3.dev/e/pdcn.co/e/pscrb.fm/rss/p/pdst.fm/e/dts.podtrac.com/redirect.mp3/media.transistor.fm/64e8b30c/8335ea5b.mp3,https://share.transistor.fm/s/64e8b30c,episode_number,unknown,unknown,no,yes,no,yes,4513
0091,"091 with Speaker, Author, and Family Business Consultant Nike Anani","091 with Speaker, Author, and Family Business Consultant Nike Anani - Next Gen, Legacy Perspective, New Beginnings","091 with Speaker, Author, and Family Business Consultant Nike Anani",YT≠RSS,2022-11-12,56:29,3389,"Speaker, Author, and Family Business Consultant Nike Anani",https://www.youtube.com/watch?v=9YMQPhmCl7c,https://2.gum.fm/op3.dev/e/pdcn.co/e/pscrb.fm/rss/p/pdst.fm/e/dts.podtrac.com/redirect.mp3/media.transistor.fm/3e08aa87/df8cc8b6.mp3,https://share.transistor.fm/s/3e08aa87,episode_number,unknown,unknown,no,yes,no,no,5471
0090,"The JYLP Ep 090 with B.S. in Psychology Will Andes - Being Boys, Becoming Men, And Bringing Peace","090 with B.S. in Psychology Will Andes - Being Boys, Becoming Men, And Bringing Peace","The JYLP Ep 090 with B.S. in Psychology Will Andes - Being Boys, Becoming Men, And Bringing Peace",YT≠RSS,2022-09-27,2:58:29,10709,B.S. in Psychology Will Andes,https://www.youtube.com/watch?v=vVN_OHEIfsM,https://2.gum.fm/op3.dev/e/pdcn.co/e/pscrb.fm/rss/p/pdst.fm/e/dts.podtrac.com/redirect.mp3/media.transistor.fm/5928b4fa/545a6d54.mp3,https://share.transistor.fm/s/5928b4fa,episode_number,unknown,unknown,yes,no,no,no,2435
0089,089 with Social Impact Investor and Organizational Strategist Daniel T. Matalon - The World Game,089 with Social Impact Investor and Organizational Strategist Daniel T. Matalon - The World Game,089 with Social Impact Investor and Organizational Strategist Daniel T. Matalon - The World Game,,2022-08-30,1:01:00,3660,Social Impact Investor and Organizational Strategist Daniel T. Matalon,https://www.youtube.com/watch?v=51Kuhcn1JlE,https://2.gum.fm/op3.dev/e/pdcn.co/e/pscrb.fm/rss/p/pdst.fm/e/dts.podtrac.com/redirect.mp3/media.transistor.fm/7a4ae6bc/5a9be4c2.mp3,https://share.transistor.fm/s/7a4ae6bc,episode_number,unknown,unknown,no,yes,yes,yes,4063
0088,The JYLP ep. 088 with Bachelor In Arts Of Strategic Communication Spencer Hicks - Break The Hammer,088 with Bachelor In Arts Of Strategic Communication Spencer Hicks - Break The Hammer,The JYLP ep. 088 with Bachelor In Arts Of Strategic Communication Spencer Hicks - Break The Hammer,YT≠RSS,2022-08-02,2:41:10,9670,Bachelor In Arts Of Strategic Communication Spencer Hicks,https://www.youtube.com/watch?v=dgJutG6KCyQ,https://2.gum.fm/op3.dev/e/pdcn.co/e/pscrb.fm/rss/p/pdst.fm/e/dts.podtrac.com/redirect.mp3/media.transistor.fm/7ad5e8fc/3170db4c.mp3,https://share.transistor.fm/s/7ad5e8fc,episode_number,unknown,unknown,no,yes,no,no,3253
,The JYLP Trailer (from 084 w/ Jeremy Sherman),The JYLP Trailer (from 084 w/ Jeremy Sherman),,,2022-07-31,0:59,59,Jeremy Sherman),,https://2.gum.fm/op3.dev/e/pdcn.co/e/pscrb.fm/rss/p/pdst.fm/e/dts.podtrac.com/redirect.mp3/media.transistor.fm/12ad0d3a/f860622e.mp3,https://share.transistor.fm/s/12ad0d3a,unmatched,unknown,unknown,no,no,no,no,35
0087,"087 Yogi, Author, Poet, Love Coach & Masters in East/West Psychology Zach Beach - A Path Of Love","087 with Yogi, Author, Poet, Love Coach & Masters in East/West Psychology Zach Beach - A Path Of Love","087 Yogi, Author, Poet, Love Coach & Masters in East/West Psychology Zach Beach - A Path Of Love",YT≠RSS,2022-05-17,1:27:14,5234,"Yogi, Author, Poet, Love Coach & Masters in East/West Psychology Zach Beach",https://www.youtube.com/watch?v=IdHBQSsx1oE,https://2.gum.fm/op3.dev/e/pdcn.co/e/pscrb.fm/rss/p/pdst.fm/e/dts.podtrac.com/redirect.mp3/media.transistor.fm/6cfa8b7b/aa88f3f0.mp3,https://share.transistor.fm/s/6cfa8b7b,episode_number,unknown,unknown,no,yes,no,yes,3415
0086,The JYLP - 086 with Mika Woodruff - The Individuals Innate Desire For Belonging And Understanding,086 with Mika Woodruff - The Individuals Innate Desire For Belonging And Understanding,The JYLP - 086 with Mika Woodruff - The Individuals Innate Desire For Belonging And Understanding,YT≠RSS,2022-04-29,1:53:05,6785,Mika Woodruff,https://www.youtube.com/watch?v=qDKxoHORI7k,https://2.gum.fm/op3.dev/e/pdcn.co/e/pscrb.fm/rss/p/pdst.fm/e/dts.podtrac.com/redirect.mp3/media.transistor.fm/24a48ccd/b64d8aae.mp3,https://share.transistor.fm/s/24a48ccd,episode_number,unknown,unknown,no,no,no,no,2725
0085,085 w Bachelor of Science/Masters In Human Rights Cetvies Cetvies - Censoring and Trafficking Humans,085 with Bachelor Of Science/Masters In Human Rights Cetvies Cetvies - Censoring and Trafficking Humans,085 w Bachelor of Science/Masters In Human Rights Cetvies Cetvies - Censoring and Trafficking Humans,YT≠RSS,2022-04-11,1:01:32,3692,Bachelor Of Science/Masters In Human Rights Cetvies Cetvies,https://www.youtube.com/watch?v=cX-2nTupoHI,https://2.gum.fm/op3.dev/e/pdcn.co/e/pscrb.fm/rss/p/pdst.fm/e/dts.podtrac.com/redirect.mp3/media.transistor.fm/b69f8f5b/e030ccbf.mp3,https://share.transistor.fm/s/b69f8f5b,episode_number,unknown,unknown,no,no,no,no,1413
0084,"The JYLP 084 with Science Researcher, Writer, and Biosemiotician Jeremy Sherman - The Trying Self","084 with Science Researcher, Writer, and Biosemiotician Jeremy Sherman - The Trying Self","The JYLP 084 with Science Researcher, Writer, and Biosemiotician Jeremy Sherman - The Trying Self",YT≠RSS,2022-02-03,1:20:53,4853,"Science Researcher, Writer, and Biosemiotician Jeremy Sherman",https://www.youtube.com/watch?v=2-fNRV8oSbA,https://2.gum.fm/op3.dev/e/pdcn.co/e/pscrb.fm/rss/p/pdst.fm/e/dts.podtrac.com/redirect.mp3/media.transistor.fm/c3067a11/59222f1a.mp3,https://share.transistor.fm/s/c3067a11,episode_number,unknown,unknown,no,no,no,yes,2147
0083,083 - a solocast - Making Sense Of My Depression & Anxiety pt. 1,083 - a solocast - Making Sense Of My Depression & Anxiety pt. 1,083 - a solocast - Making Sense Of My Depression & Anxiety pt. 1,,2022-01-14,1:42:09,6129,solo / Jacob,https://www.youtube.com/watch?v=iPjWmu-oXhE,https://2.gum.fm/op3.dev/e/pdcn.co/e/pscrb.fm/rss/p/pdst.fm/e/dts.podtrac.com/redirect.mp3/media.transistor.fm/dde48d30/da45b77e.mp3,https://share.transistor.fm/s/dde48d30,episode_number,unknown,unknown,no,no,no,no,1529
0082,082 with Yogi & Meditation Teacher Sandy Vo - Towards A Path Of Peace,082 with Yogi & Meditation Teacher Sandy Vo - Towards A Path Of Peace,082 with Yogi & Meditation Teacher Sandy Vo - Towards A Path Of Peace,,2021-12-27,1:01:34,3694,Yogi & Meditation Teacher Sandy Vo,https://www.youtube.com/watch?v=opdlpGA7QIs,https://2.gum.fm/op3.dev/e/pdcn.co/e/pscrb.fm/rss/p/pdst.fm/e/dts.podtrac.com/redirect.mp3/media.transistor.fm/d8ccf795/8c9240c8.mp3,https://share.transistor.fm/s/d8ccf795,episode_number,unknown,unknown,no,yes,no,yes,4787
0081,The JYLP EP081 with philosophical contemplator John Lee - Pondering The Beautiful Mysteries Of Being,081 with philosophical contemplator John Lee - Pondering The Beautiful Mysteries Of Being,The JYLP EP081 with philosophical contemplator John Lee - Pondering The Beautiful Mysteries Of Being,YT≠RSS,2021-12-13,55:24,3324,philosophical contemplator John Lee,https://www.youtube.com/watch?v=UuEtPu9QQfU,https://2.gum.fm/op3.dev/e/pdcn.co/e/pscrb.fm/rss/p/pdst.fm/e/dts.podtrac.com/redirect.mp3/media.transistor.fm/bbcb76da/19dc94ec.mp3,https://share.transistor.fm/s/bbcb76da,episode_number,unknown,unknown,no,yes,no,yes,2077
0080,"The JYLP 080 with Relationship Practitioner, Mediator, and Author Juli Geske-Peer - Personal Success","080 with Relationship Practitioner, Mediator, and Author Juli Geske-Peer - Personal Success","The JYLP 080 with Relationship Practitioner, Mediator, and Author Juli Geske-Peer - Personal Success",YT≠RSS,2021-11-13,1:01:08,3668,"Relationship Practitioner, Mediator, and Author Juli Geske",https://www.youtube.com/watch?v=uIG8HQ7QqV4,https://2.gum.fm/op3.dev/e/pdcn.co/e/pscrb.fm/rss/p/pdst.fm/e/dts.podtrac.com/redirect.mp3/media.transistor.fm/95704b7d/4dcd2f66.mp3,https://share.transistor.fm/s/95704b7d,episode_number,unknown,unknown,no,yes,no,yes,3423
0079,"The JYLP EP079 W/ Guest Lynn Cherry of Pickleball Fire - ""Here, Use My Paddle!""","EP079 W/ Guest Lynn Cherry of Pickleball Fire - ""Here, Use My Paddle!""","The JYLP EP079 W/ Guest Lynn Cherry of Pickleball Fire - ""Here, Use My Paddle!""",YT≠RSS,2021-11-03,48:00,2880,Guest Lynn Cherry of Pickleball Fire,https://www.youtube.com/watch?v=0CxRtybRq2E,https://2.gum.fm/op3.dev/e/pdcn.co/e/pscrb.fm/rss/p/pdst.fm/e/dts.podtrac.com/redirect.mp3/media.transistor.fm/75e63b87/46ff1e5f.mp3,https://share.transistor.fm/s/75e63b87,episode_number,unknown,unknown,no,no,no,yes,2115
0078,The JYLP Episode 078 with Conflict Resolution Coach Jerry Fu - Be Free From The Fear Of Conflict,Episode 078 with Conflict Resolution Coach Jerry Fu - Be Free From The Fear Of Conflict,The JYLP Episode 078 with Conflict Resolution Coach Jerry Fu - Be Free From The Fear Of Conflict,YT≠RSS,2021-10-13,1:26:52,5212,Conflict Resolution Coach Jerry Fu,https://www.youtube.com/watch?v=R7RsDN3FIZo,https://2.gum.fm/op3.dev/e/pdcn.co/e/pscrb.fm/rss/p/pdst.fm/e/dts.podtrac.com/redirect.mp3/media.transistor.fm/f76e9d32/268a7813.mp3,https://share.transistor.fm/s/f76e9d32,episode_number,unknown,unknown,no,yes,no,yes,4829
0077,JYLP Episode 077 w/ Cannabis Industry Consultant Devin Mullins - A Friendly Conversation About Weed,Episode 077 with Cannabis Industry Consultant Devin Mullins - A Friendly Conversation About Weed,JYLP Episode 077 w/ Cannabis Industry Consultant Devin Mullins - A Friendly Conversation About Weed,YT≠RSS,2021-09-30,1:10:12,4212,Cannabis Industry Consultant Devin Mullins,https://www.youtube.com/watch?v=b_uo4czTpjM,https://2.gum.fm/op3.dev/e/pdcn.co/e/pscrb.fm/rss/p/pdst.fm/e/dts.podtrac.com/redirect.mp3/media.transistor.fm/ef6acd93/2d58c013.mp3,https://share.transistor.fm/s/ef6acd93,episode_number,unknown,unknown,no,yes,no,no,2533
0076,The JYLP Episode 076 with Singer/Songwriter & Blind Author Heather Hutchison - Seeing More Clearly,Episode 076 with Singer/Songwriter & Blind Author Heather Hutchison - Seeing More Clearly,The JYLP Episode 076 with Singer/Songwriter & Blind Author Heather Hutchison - Seeing More Clearly,YT≠RSS,2021-09-10,59:24,3564,Singer/Songwriter & Blind Author Heather Hutchison,https://www.youtube.com/watch?v=hSJOOH1IkP0,https://2.gum.fm/op3.dev/e/pdcn.co/e/pscrb.fm/rss/p/pdst.fm/e/dts.podtrac.com/redirect.mp3/media.transistor.fm/c32e55dd/dd4383b3.mp3,https://share.transistor.fm/s/c32e55dd,episode_number,unknown,unknown,no,yes,no,yes,3317
0075,The JYLP Episode 075 with Bradley Roth - Being Most People Is Bad For Your Health,Episode 075 with Bradley Roth - Being Most People Is Bad For Your Health,The JYLP Episode 075 with Bradley Roth - Being Most People Is Bad For Your Health,YT≠RSS,2021-08-13,1:33:40,5620,Bradley Roth,https://www.youtube.com/watch?v=iggD2NbxHXQ,https://2.gum.fm/op3.dev/e/pdcn.co/e/pscrb.fm/rss/p/pdst.fm/e/dts.podtrac.com/redirect.mp3/media.transistor.fm/f446a2d4/739d4aaf.mp3,https://share.transistor.fm/s/f446a2d4,episode_number,unknown,unknown,no,yes,no,yes,3401
0074,Ep 074 w/ Spencer Hicks - Dialectics and Communication Breakdown - A Meta-Analysis of Cancel Culture,Ep 074 w/ Spencer Hicks - Dialectics and Communication Breakdown - A Meta-Analysis of Cancel Culture,Ep 074 w/ Spencer Hicks - Dialectics and Communication Breakdown - A Meta-Analysis of Cancel Culture,,2021-07-15,2:19:22,8362,Spencer Hicks,https://www.youtube.com/watch?v=CGCWOM8a2os,https://2.gum.fm/op3.dev/e/pdcn.co/e/pscrb.fm/rss/p/pdst.fm/e/dts.podtrac.com/redirect.mp3/media.transistor.fm/ce271a47/abcba838.mp3,https://share.transistor.fm/s/ce271a47,episode_number,unknown,unknown,no,no,no,no,1025
0073,"The JYLP episode 073 with Alicia & Erwan Davon - Sex, Pleasure, Relationship-Blueprints, and Orgasms","Episode 073 with Alicia & Erwan Davon - Sex, Pleasure, Relationship-Blueprints, and Orgasms","The JYLP episode 073 with Alicia & Erwan Davon - Sex, Pleasure, Relationship-Blueprints, and Orgasms",YT≠RSS,2021-05-06,57:03,3423,Alicia & Erwan Davon,https://www.youtube.com/watch?v=Me8_yV7Ugyc,https://2.gum.fm/op3.dev/e/pdcn.co/e/pscrb.fm/rss/p/pdst.fm/e/dts.podtrac.com/redirect.mp3/media.transistor.fm/effe8784/c2b60111.mp3,https://share.transistor.fm/s/effe8784,episode_number,unknown,unknown,no,no,no,yes,3111
0072,The JYLP Episode 072 with Megan Robinson - Social Creatures Having An Internet Experience,Episode 072 with Megan Robinson - Social Creatures Having An Internet Experience,The JYLP Episode 072 with Megan Robinson - Social Creatures Having An Internet Experience,YT≠RSS,2021-04-20,1:55:59,6959,Megan Robinson,https://www.youtube.com/watch?v=I6WCtJtprTk,https://2.gum.fm/op3.dev/e/pdcn.co/e/pscrb.fm/rss/p/pdst.fm/e/dts.podtrac.com/redirect.mp3/media.transistor.fm/a2baf3f4/469acee2.mp3,https://share.transistor.fm/s/a2baf3f4,episode_number,unknown,unknown,no,no,no,no,1523
0071,The JYLP Episode 071 with Ryan Baker - Forward Is The Only Way,Episode 071 with Ryan Baker - Forward Is The Only Way,The JYLP Episode 071 with Ryan Baker - Forward Is The Only Way,YT≠RSS,2021-03-07,2:01:10,7270,Ryan Baker,https://www.youtube.com/watch?v=U7k3Z5mz710,https://2.gum.fm/op3.dev/e/pdcn.co/e/pscrb.fm/rss/p/pdst.fm/e/dts.podtrac.com/redirect.mp3/media.transistor.fm/51d33675/0e79e5cc.mp3,https://share.transistor.fm/s/51d33675,episode_number,unknown,unknown,no,yes,no,no,4735
0070,The JYLP Episode 070 with Ryan 'Tos' Santos - The Wiring Within The Walls,Episode 070 with Ryan 'Tos' Santos - The Wiring Within The Walls,The JYLP Episode 070 with Ryan 'Tos' Santos - The Wiring Within The Walls,YT≠RSS,2021-03-02,2:35:24,9324,Ryan 'Tos' Santos,https://www.youtube.com/watch?v=0T2UYTUnUwU,https://2.gum.fm/op3.dev/e/pdcn.co/e/pscrb.fm/rss/p/pdst.fm/e/dts.podtrac.com/redirect.mp3/media.transistor.fm/41dbad52/b90393ed.mp3,https://share.transistor.fm/s/41dbad52,episode_number,unknown,unknown,no,no,no,no,3047
0069,The JYLP Episode 069 with Crystal Nyman - Trimming Off What No Longer Serves You,Episode 069 with Crystal Nyman - Trimming Off What No Longer Serves You,The JYLP Episode 069 with Crystal Nyman - Trimming Off What No Longer Serves You,YT≠RSS,2021-02-23,1:47:59,6479,Crystal Nyman,https://www.youtube.com/watch?v=kOzOcXMLa-U,https://2.gum.fm/op3.dev/e/pdcn.co/e/pscrb.fm/rss/p/pdst.fm/e/dts.podtrac.com/redirect.mp3/media.transistor.fm/23f90b41/8c3dbdda.mp3,https://share.transistor.fm/s/23f90b41,episode_number,unknown,unknown,no,yes,no,no,4385
0068,The JYLP Episode 068 with Abrielle Dunn - The Sense Making-Sickness Series - Wait Why Are We LARPing,Episode 068 with Abrielle Dunn - The Sense Making Sickness Series - Wait Why Are We LARPing,The JYLP Episode 068 with Abrielle Dunn - The Sense Making-Sickness Series - Wait Why Are We LARPing,YT≠RSS,2021-02-12,3:28:20,12500,Abrielle Dunn,https://www.youtube.com/watch?v=wI1JrKtvO4o,https://2.gum.fm/op3.dev/e/pdcn.co/e/pscrb.fm/rss/p/pdst.fm/e/dts.podtrac.com/redirect.mp3/media.transistor.fm/3d5d4d44/c3f7de8c.mp3,https://share.transistor.fm/s/3d5d4d44,episode_number,unknown,unknown,no,yes,no,no,5865
0067,The JYLP Episode 067 with Intuitive Healer Jaycie Randall - A Path From The Past,Episode 067 with Intuitive Healer Jaycie Randall - A Path From The Past,The JYLP Episode 067 with Intuitive Healer Jaycie Randall - A Path From The Past,YT≠RSS,2021-02-05,2:04:22,7462,Intuitive Healer Jaycie Randall,https://www.youtube.com/watch?v=L0HblK1MUt4,https://2.gum.fm/op3.dev/e/pdcn.co/e/pscrb.fm/rss/p/pdst.fm/e/dts.podtrac.com/redirect.mp3/media.transistor.fm/82c86fd3/9e526bec.mp3,https://share.transistor.fm/s/82c86fd3,episode_number,unknown,unknown,no,yes,no,no,7499
0066,"The JYLP Episode 066 with Tim Fraley - Writin' Songs, Lentin' Booze and Upgradin' Society","Episode 066 with Tim Fraley - Writin' Songs, Lentin' Booze and Upgradin' Society","The JYLP Episode 066 with Tim Fraley - Writin' Songs, Lentin' Booze and Upgradin' Society",YT≠RSS,2021-02-01,1:56:15,6975,Tim Fraley,https://www.youtube.com/watch?v=fcw0JBIB8Is,https://2.gum.fm/op3.dev/e/pdcn.co/e/pscrb.fm/rss/p/pdst.fm/e/dts.podtrac.com/redirect.mp3/media.transistor.fm/ba9b821f/10ee8325.mp3,https://share.transistor.fm/s/ba9b821f,episode_number,unknown,unknown,no,no,no,no,1721
0065,The JYLP Episode 065 with Josh Gebhardt - It's Open Mic Night For Being Yourself,Episode 065 with Josh Gebhardt - It's Open Mic Night For Being Yourself,The JYLP Episode 065 with Josh Gebhardt - It's Open Mic Night For Being Yourself,YT≠RSS,2021-01-29,1:17:55,4675,Josh Gebhardt,https://www.youtube.com/watch?v=ybdtawpUGes,https://2.gum.fm/op3.dev/e/pdcn.co/e/pscrb.fm/rss/p/pdst.fm/e/dts.podtrac.com/redirect.mp3/media.transistor.fm/b248993c/7695dc0f.mp3,https://share.transistor.fm/s/b248993c,episode_number,unknown,unknown,no,yes,no,no,4955
0064,"The JYLP Episode 064 with Tyler Milliken - Bumping Elbows With Leaders, Censorship and New Norms","Episode 064 with Tyler Milliken - Bumping Elbows With Leaders, Censorship and New Norms","The JYLP Episode 064 with Tyler Milliken - Bumping Elbows With Leaders, Censorship and New Norms",YT≠RSS,2021-01-26,1:34:35,5675,Tyler Milliken,https://www.youtube.com/watch?v=wJo3nq03Gaw,https://2.gum.fm/op3.dev/e/pdcn.co/e/pscrb.fm/rss/p/pdst.fm/e/dts.podtrac.com/redirect.mp3/media.transistor.fm/3cf32cf4/1d69fc06.mp3,https://share.transistor.fm/s/3cf32cf4,episode_number,unknown,unknown,no,no,no,no,2175
0063,"Episode 063 with Shiloh Rister & Georgia Peach - Life, Loss, and Dogs","Episode 063 with Shiloh Rister & Georgia Peach - Life, Loss, and Dogs","Episode 063 with Shiloh Rister & Georgia Peach - Life, Loss, and Dogs",,2020-12-13,1:08:59,4139,Shiloh Rister & Georgia Peach,https://www.youtube.com/watch?v=asQ8hYEsOzU,https://2.gum.fm/op3.dev/e/pdcn.co/e/pscrb.fm/rss/p/pdst.fm/e/dts.podtrac.com/redirect.mp3/media.transistor.fm/542ec852/e0807ced.mp3,https://share.transistor.fm/s/542ec852,episode_number,unknown,unknown,no,no,no,no,2687
0062,"062 with Abrielle Dunn - Aspiring Towards Inspiration, Creating Connection and Smiling Back At Life","Episode 062 with Abrielle Dunn - Aspiring Towards Inspiration, Creating Connection and Smiling Back At Life","062 with Abrielle Dunn - Aspiring Towards Inspiration, Creating Connection and Smiling Back At Life",YT≠RSS,2020-11-30,2:08:17,7697,Abrielle Dunn,https://www.youtube.com/watch?v=z3hhvaNhWyc,https://2.gum.fm/op3.dev/e/pdcn.co/e/pscrb.fm/rss/p/pdst.fm/e/dts.podtrac.com/redirect.mp3/media.transistor.fm/b22a871a/6206a14e.mp3,https://share.transistor.fm/s/b22a871a,episode_number,unknown,unknown,no,yes,no,no,5037
0061,Episode 061 with MLB Player/Twitch Streamer Trevor May - Finding The Feel,Episode 061 with MLB Player & Twitch Streamer Trevor May - Finding The Feel,Episode 061 with MLB Player/Twitch Streamer Trevor May - Finding The Feel,YT≠RSS,2020-11-20,1:59:45,7185,MLB Player & Twitch Streamer Trevor May [YT conflict: MLB Player/Twitch Streamer Trevor May],https://www.youtube.com/watch?v=2j-Tj5Fzstg,https://2.gum.fm/op3.dev/e/pdcn.co/e/pscrb.fm/rss/p/pdst.fm/e/dts.podtrac.com/redirect.mp3/media.transistor.fm/96850602/96319286.mp3,https://share.transistor.fm/s/96850602,episode_number,unknown,unknown,no,no,no,no,4829
0060,Episode 060 - Solo with Jacob Rhines - Sober October - A Personal Mental Review (video),Episode 060 - Solo with Jacob Rhines - Sober October - A Personal Mental Review,Episode 060 - Solo with Jacob Rhines - Sober October - A Personal Mental Review (video),YT≠RSS,2020-11-06,1:33:41,5621,solo / Jacob,https://www.youtube.com/watch?v=QIhVC0ZBI4Q,https://2.gum.fm/op3.dev/e/pdcn.co/e/pscrb.fm/rss/p/pdst.fm/e/dts.podtrac.com/redirect.mp3/media.transistor.fm/1d2deb97/ea50a5b7.mp3,https://share.transistor.fm/s/1d2deb97,episode_number,unknown,unknown,no,no,no,no,1499
0059,Episode 059 - The Sense Making Sickness - with Spencer Hicks - Series Part 1,Episode 059 - The Sense Making Sickness - with Spencer Hicks - Series Part 1,Episode 059 - The Sense Making Sickness - with Spencer Hicks - Series Part 1,,2020-10-20,1:34:05,5645,Spencer Hicks,https://www.youtube.com/watch?v=T682qv1sOcQ,https://2.gum.fm/op3.dev/e/pdcn.co/e/pscrb.fm/rss/p/pdst.fm/e/dts.podtrac.com/redirect.mp3/media.transistor.fm/e6fa7191/beefb52a.mp3,https://share.transistor.fm/s/e6fa7191,episode_number,unknown,unknown,no,no,no,no,5927
0058,Episode 058 with Conner Anshutz - People Are Portals To Yourself,Episode 058 with Conner Anshutz - People Are Portals To Yourself,Episode 058 with Conner Anshutz - People Are Portals To Yourself,,2020-10-11,2:15:10,8110,Conner Anshutz,https://www.youtube.com/watch?v=7cmixtSs-YU,https://2.gum.fm/op3.dev/e/pdcn.co/e/pscrb.fm/rss/p/pdst.fm/e/dts.podtrac.com/redirect.mp3/media.transistor.fm/fefcf244/9baaf82c.mp3,https://share.transistor.fm/s/fefcf244,episode_number,unknown,unknown,no,yes,no,no,6231
0057,Episode 057 with Soul Coach and Mindfulness Expert Anna Cantwell - A Teacher Of The Human Spirit,Episode 057 with Soul Coach and Mindfulness Expert Anna Cantwell - A Teacher Of The Human Spirit,Episode 057 with Soul Coach and Mindfulness Expert Anna Cantwell - A Teacher Of The Human Spirit,,2020-10-04,2:09:54,7794,Soul Coach and Mindfulness Expert Anna Cantwell,https://www.youtube.com/watch?v=O9NoXjLJYcM,https://2.gum.fm/op3.dev/e/pdcn.co/e/pscrb.fm/rss/p/pdst.fm/e/dts.podtrac.com/redirect.mp3/media.transistor.fm/7caa7d35/4109318c.mp3,https://share.transistor.fm/s/7caa7d35,episode_number,unknown,unknown,no,yes,no,no,8389
0056,"Episode 056 with Trevir Petitt & Jasmine Heagy - Get With The Picture, Grow Through It, And Laugh...","Episode 056 with Trevir Petitt & Jasmine Heagy - Get With The Picture, Grow Through It, And Laugh More Often","Episode 056 with Trevir Petitt & Jasmine Heagy - Get With The Picture, Grow Through It, And Laugh...",YT≠RSS,2020-09-24,2:08:25,7705,Trevir Petitt & Jasmine Heagy,https://www.youtube.com/watch?v=4HS8LWF35Uw,https://2.gum.fm/op3.dev/e/pdcn.co/e/pscrb.fm/rss/p/pdst.fm/e/dts.podtrac.com/redirect.mp3/media.transistor.fm/2f2c58ea/23414086.mp3,https://share.transistor.fm/s/2f2c58ea,episode_number,unknown,unknown,no,yes,no,no,3537
0055,Episode 055 with Brian 'DJ Toasty' Andrew - Life Has No Sync Button,Episode 055 with Brian 'DJ Toasty' Andrew - Life Has No Sync Button,Episode 055 with Brian 'DJ Toasty' Andrew - Life Has No Sync Button,,2020-09-17,2:48:46,10126,Brian 'DJ Toasty' Andrew,https://www.youtube.com/watch?v=lD9W0zUKBco,https://2.gum.fm/op3.dev/e/pdcn.co/e/pscrb.fm/rss/p/pdst.fm/e/dts.podtrac.com/redirect.mp3/media.transistor.fm/accfaa73/fa4878e5.mp3,https://share.transistor.fm/s/accfaa73,episode_number,unknown,unknown,no,no,no,no,3625
0054,Episode 054 with Ian and Shaye of Camp ReEducation - You Don't Know What You Think You Already Know,Episode 054 with Ian and Shaye of Camp ReEducation - You Don't Know What You Think You Already Know,Episode 054 with Ian and Shaye of Camp ReEducation - You Don't Know What You Think You Already Know,,2020-09-15,58:19,3499,Ian and Shaye of Camp ReEducation,https://www.youtube.com/watch?v=TroUc2oS7eU,https://2.gum.fm/op3.dev/e/pdcn.co/e/pscrb.fm/rss/p/pdst.fm/e/dts.podtrac.com/redirect.mp3/media.transistor.fm/f348615d/bf999b2c.mp3,https://share.transistor.fm/s/f348615d,episode_number,unknown,unknown,no,yes,no,no,5241
0053,Episode 053 with Matt Young and Nate Tanzman - How To Build Confidence And Create Your Own Luck,Episode 053 with Matt Young and Nate Tanzman - How To Build Confidence And Create Your Own Luck,Episode 053 with Matt Young and Nate Tanzman - How To Build Confidence And Create Your Own Luck,,2020-08-24,2:42:42,9762,Matt Young and Nate Tanzman,https://www.youtube.com/watch?v=cPyBAVAfgGo,https://2.gum.fm/op3.dev/e/pdcn.co/e/pscrb.fm/rss/p/pdst.fm/e/dts.podtrac.com/redirect.mp3/media.transistor.fm/4884c9da/2fbf9790.mp3,https://share.transistor.fm/s/4884c9da,episode_number,unknown,unknown,no,yes,no,yes,7697
0052,"Episode 052 with Rikki Hall - Chest Pressure, Intrusive Thoughts, and Space Aliens","Episode 052 with Rikki Hall - Chest Pressure, Intrusive Thoughts, and Space Aliens","Episode 052 with Rikki Hall - Chest Pressure, Intrusive Thoughts, and Space Aliens",,2020-08-17,2:05:44,7544,Rikki Hall,https://www.youtube.com/watch?v=rxwFlZgLKGE,https://2.gum.fm/op3.dev/e/pdcn.co/e/pscrb.fm/rss/p/pdst.fm/e/dts.podtrac.com/redirect.mp3/media.transistor.fm/53ad5159/b3c7cad0.mp3,https://share.transistor.fm/s/53ad5159,episode_number,unknown,unknown,no,yes,no,no,4929
0051,Episode 051 with Electrician and Competitive Powerlifter Ricky Navarrete - Hard Work and Heavy We...,Episode 051 with Electrician and Competitive Powerlifter Ricky Navarrete - Hard Work and Heavy Weight,Episode 051 with Electrician and Competitive Powerlifter Ricky Navarrete - Hard Work and Heavy We...,YT≠RSS,2020-08-14,1:58:33,7113,Electrician and Competitive Powerlifter Ricky Navarrete,https://www.youtube.com/watch?v=xRk-hGq_OhM,https://2.gum.fm/op3.dev/e/pdcn.co/e/pscrb.fm/rss/p/pdst.fm/e/dts.podtrac.com/redirect.mp3/media.transistor.fm/20b60943/4d4bcee7.mp3,https://share.transistor.fm/s/20b60943,episode_number,unknown,unknown,no,no,no,no,1951
0050,Episode 050 with Starseed and Reiki Worker Jordenelle Tsugawa - Healing The Soul With Hands and S...,Episode 050 with Starseed and Reiki Worker Jordenelle Tsugawa - Healing The Soul With Hands and Self-Love,Episode 050 with Starseed and Reiki Worker Jordenelle Tsugawa - Healing The Soul With Hands and S...,YT≠RSS,2020-07-31,2:11:57,7917,Starseed and Reiki Worker Jordenelle Tsugawa,https://www.youtube.com/watch?v=YdyeAXKtPD4,https://2.gum.fm/op3.dev/e/pdcn.co/e/pscrb.fm/rss/p/pdst.fm/e/dts.podtrac.com/redirect.mp3/media.transistor.fm/996fda88/213b5c69.mp3,https://share.transistor.fm/s/996fda88,episode_number,unknown,unknown,no,yes,no,no,5865
0049,"Episode 049 with Airik Makaio Hokulani Mobbs - The Ever Evolving Chameleon, Vibe Surfing, Weird A...","Episode 049 with Airik Makaio Hokulani Mobbs - The Ever Evolving Chameleon, Vibe Surfing, Weird America and Giving Power To The Positive","Episode 049 with Airik Makaio Hokulani Mobbs - The Ever Evolving Chameleon, Vibe Surfing, Weird A...",YT≠RSS,2020-07-28,1:56:42,7002,Airik Makaio Hokulani Mobbs,https://www.youtube.com/watch?v=2s-kk9zGWZ4,https://2.gum.fm/op3.dev/e/pdcn.co/e/pscrb.fm/rss/p/pdst.fm/e/dts.podtrac.com/redirect.mp3/media.transistor.fm/3d33d905/a59e1cb0.mp3,https://share.transistor.fm/s/3d33d905,episode_number,unknown,unknown,no,yes,no,no,4639
0048,"Episode 048 with Devon Sims - Being Kind, Flipping Perspective and Drinkin' Water","Episode 048 with Devon Sims - Being Kind, Flipping Perspective and Drinkin' Water","Episode 048 with Devon Sims - Being Kind, Flipping Perspective and Drinkin' Water",,2020-07-13,1:58:51,7131,Devon Sims,https://www.youtube.com/watch?v=hBODyW4Ls1g,https://2.gum.fm/op3.dev/e/pdcn.co/e/pscrb.fm/rss/p/pdst.fm/e/dts.podtrac.com/redirect.mp3/media.transistor.fm/e362e4d7/7c7cd5dc.mp3,https://share.transistor.fm/s/e362e4d7,episode_number,unknown,unknown,no,no,no,no,2245
0047,"Episode 047 with Trenten Kesler - Searching For Fluidity, Learning From Detail, and Laughing With Everyone","Episode 047 with Trenten Kesler - Searching For Fluidity, Learning From Detail, and Laughing With Everyone",,,2020-07-05,2:35:47,9347,Trenten Kesler,,https://2.gum.fm/op3.dev/e/pdcn.co/e/pscrb.fm/rss/p/pdst.fm/e/dts.podtrac.com/redirect.mp3/media.transistor.fm/e11bd719/b85473c6.mp3,https://share.transistor.fm/s/e11bd719,unmatched,unknown,unknown,no,yes,no,no,3719
0046,Episode 046 with Rapper JACE Saltzman - Killing The Ego and Stumbling Onto The Right Path,Episode 046 with Rapper JACE Saltzman - Killing The Ego and Stumbling Onto The Right Path,Episode 046 with Rapper JACE Saltzman - Killing The Ego and Stumbling Onto The Right Path,,2020-06-21,2:07:28,7648,Rapper JACE Saltzman,https://www.youtube.com/watch?v=-FzLoWxATtU,https://2.gum.fm/op3.dev/e/pdcn.co/e/pscrb.fm/rss/p/pdst.fm/e/dts.podtrac.com/redirect.mp3/media.transistor.fm/851ab4b6/e08f5883.mp3,https://share.transistor.fm/s/851ab4b6,episode_number,unknown,unknown,no,yes,no,no,377
0045,Episode 045   Solo with Jacob Rhines   How To Take Care Of Yourself A Bit,Episode 045 - Solo with Jacob Rhines - How To Take Care Of Yourself A Bit,Episode 045   Solo with Jacob Rhines   How To Take Care Of Yourself A Bit,YT≠RSS,2020-06-18,2:10:28,7828,solo / Jacob [YT conflict: Jacob Rhines   How To Take Care Of Yourself A Bit],https://www.youtube.com/watch?v=oE2Vxdn0U_I,https://2.gum.fm/op3.dev/e/pdcn.co/e/pscrb.fm/rss/p/pdst.fm/e/dts.podtrac.com/redirect.mp3/media.transistor.fm/ef8ff2e1/5b2a40b4.mp3,https://share.transistor.fm/s/ef8ff2e1,episode_number,unknown,unknown,no,no,no,no,3267
0044,Episode 044 with Spencer Hicks - Operating Optimally Should Be Your Goal,Episode 044 with Spencer Hicks - Operating Optimally Should Be Your Goal,Episode 044 with Spencer Hicks - Operating Optimally Should Be Your Goal,,2020-06-10,1:28:24,5304,Spencer Hicks,https://www.youtube.com/watch?v=0NRmRX4QkRY,https://2.gum.fm/op3.dev/e/pdcn.co/e/pscrb.fm/rss/p/pdst.fm/e/dts.podtrac.com/redirect.mp3/media.transistor.fm/aa5424b3/c89f90b1.mp3,https://share.transistor.fm/s/aa5424b3,episode_number,unknown,unknown,no,yes,no,no,665
0043,Episode 043 with Joseph Crumb - Redefining your life and - wait why are you taking me seriously?,Episode 043 with Stand-Up Comedian Joseph Crumb - Redefining your life and - wait why are you taking me seriously?,Episode 043 with Joseph Crumb - Redefining your life and - wait why are you taking me seriously?,YT≠RSS,2020-05-29,1:44:01,6241,Stand [YT conflict: Joseph Crumb],https://www.youtube.com/watch?v=kbDzFZrle9c,https://2.gum.fm/op3.dev/e/pdcn.co/e/pscrb.fm/rss/p/pdst.fm/e/dts.podtrac.com/redirect.mp3/media.transistor.fm/d4cdff47/582e1207.mp3,https://share.transistor.fm/s/d4cdff47,episode_number,unknown,unknown,no,yes,no,no,4279
0042,Episode 042 with Mack T and J Faul - The Last Saturday: Small Town Minds Evolving and An Attitude...,Episode 042 with Mack T and J Faul - The Last Saturday: Small Town Minds Evolving and An Attitude of Growth,Episode 042 with Mack T and J Faul - The Last Saturday: Small Town Minds Evolving and An Attitude...,YT≠RSS,2020-05-19,2:29:50,8990,Mack T and J Faul,https://www.youtube.com/watch?v=lVpWxPnEp1E,https://2.gum.fm/op3.dev/e/pdcn.co/e/pscrb.fm/rss/p/pdst.fm/e/dts.podtrac.com/redirect.mp3/media.transistor.fm/424aa4a0/de2b16fb.mp3,https://share.transistor.fm/s/424aa4a0,episode_number,unknown,unknown,no,yes,no,no,3995
0041,Episode 041 with Brandon Cruz - Views From Consciousness and The Great Neural Net of Humanity,Episode 041 with Brandon Cruz - Views From Consciousness and The Great Neural Net of Humanity,Episode 041 with Brandon Cruz - Views From Consciousness and The Great Neural Net of Humanity,,2020-05-13,2:12:57,7977,Brandon Cruz,https://www.youtube.com/watch?v=5IAvWpc2p30,https://2.gum.fm/op3.dev/e/pdcn.co/e/pscrb.fm/rss/p/pdst.fm/e/dts.podtrac.com/redirect.mp3/media.transistor.fm/6762c1d0/94f844f1.mp3,https://share.transistor.fm/s/6762c1d0,episode_number,unknown,unknown,no,no,no,no,753
0040,"Episode 040 with Brandon Cruz - Formulating Perspective From Behind The Lens, Cognitive Change Wi...","Episode 040 with Brandon Cruz - Formulating Perspective From Behind The Lens, Cognitive Change With Intention, and Being A Creative Individual","Episode 040 with Brandon Cruz - Formulating Perspective From Behind The Lens, Cognitive Change Wi...",YT≠RSS,2020-05-11,1:33:16,5596,Brandon Cruz,https://www.youtube.com/watch?v=_OIAJMKz0Ec,https://2.gum.fm/op3.dev/e/pdcn.co/e/pscrb.fm/rss/p/pdst.fm/e/dts.podtrac.com/redirect.mp3/media.transistor.fm/ca86b333/075440c5.mp3,https://share.transistor.fm/s/ca86b333,episode_number,unknown,unknown,no,yes,no,no,4985
0039,Episode 039 with Erik Nordin of Rosetan - A Small Town Sound With Heart,Episode 039 with Erik Nordin of Rosetan - A Small Town Sound With Heart,Episode 039 with Erik Nordin of Rosetan - A Small Town Sound With Heart,,2020-05-10,1:18:21,4701,Erik Nordin of Rosetan,https://www.youtube.com/watch?v=aqTjvKjRDHQ,https://2.gum.fm/op3.dev/e/pdcn.co/e/pscrb.fm/rss/p/pdst.fm/e/dts.podtrac.com/redirect.mp3/media.transistor.fm/d2b57b44/a2f7c273.mp3,https://share.transistor.fm/s/d2b57b44,episode_number,unknown,unknown,no,yes,no,no,3525
0038,Episode 038 with Spencer Hicks   Mental and Physical Tips To Maintain Health At Home,Episode 038 with Spencer Hicks - Mental and Physical Tips To Maintain Health At Home,Episode 038 with Spencer Hicks   Mental and Physical Tips To Maintain Health At Home,YT≠RSS,2020-04-26,1:14:25,4465,Spencer Hicks [YT conflict: Spencer Hicks   Mental and Physical Tips To Maintain Health At Home],https://www.youtube.com/watch?v=pc0JcBfGisc,https://2.gum.fm/op3.dev/e/pdcn.co/e/pscrb.fm/rss/p/pdst.fm/e/dts.podtrac.com/redirect.mp3/media.transistor.fm/aa1ebedd/0e27aa05.mp3,https://share.transistor.fm/s/aa1ebedd,episode_number,unknown,unknown,no,no,no,no,1127
0037,Episode 037 with Life Coach Rebecca Wyld of Wyld Wellness - Habit Change and Happiness Actualization,Episode 037 with Life Coach Rebecca Wyld of Wyld Wellness - Habit Change and Happiness Actualization,Episode 037 with Life Coach Rebecca Wyld of Wyld Wellness - Habit Change and Happiness Actualization,,2020-04-23,2:20:45,8445,Life Coach Rebecca Wyld of Wyld Wellness,https://www.youtube.com/watch?v=fIhM0OH2C30,https://2.gum.fm/op3.dev/e/pdcn.co/e/pscrb.fm/rss/p/pdst.fm/e/dts.podtrac.com/redirect.mp3/media.transistor.fm/370cd41f/a9541c1f.mp3,https://share.transistor.fm/s/370cd41f,episode_number,unknown,unknown,no,yes,no,no,6613
0036,"Episode 036 with Mika Woodruff - Sharpening Your Emotional Toolkit Through Writing, Grit, Gratitu...","Episode 036 with Mika Woodruff - Sharpening Your Emotional Toolkit Through Writing, Grit, Gratitude and Resilience","Episode 036 with Mika Woodruff - Sharpening Your Emotional Toolkit Through Writing, Grit, Gratitu...",YT≠RSS,2020-04-15,2:30:01,9001,Mika Woodruff,https://www.youtube.com/watch?v=kbK8FCCKi30,https://2.gum.fm/op3.dev/e/pdcn.co/e/pscrb.fm/rss/p/pdst.fm/e/dts.podtrac.com/redirect.mp3/media.transistor.fm/85a4030f/29e6d536.mp3,https://share.transistor.fm/s/85a4030f,episode_number,unknown,unknown,no,yes,no,yes,4833
0035,"Episode 035 with Ryan Reed - Hope, Ambition, Fortitude, Unlimited Beliefs, Putting Yourself On, C...","Episode 035 with Ryan Reed - Hope, Ambition, Fortitude, Unlimited Beliefs, Putting Yourself On, Creating Hip-Hop, Producing Music and Reaching For Greatness","Episode 035 with Ryan Reed - Hope, Ambition, Fortitude, Unlimited Beliefs, Putting Yourself On, C...",YT≠RSS,2020-04-09,2:38:40,9520,Ryan Reed,https://www.youtube.com/watch?v=Gmn6GJNRtLk,https://2.gum.fm/op3.dev/e/pdcn.co/e/pscrb.fm/rss/p/pdst.fm/e/dts.podtrac.com/redirect.mp3/media.transistor.fm/09910af5/20107167.mp3,https://share.transistor.fm/s/09910af5,episode_number,unknown,unknown,no,yes,no,no,3339
0034,"Episode 034 with Nate 'NastyNate' Tanzman - Healing Toxic Masculinity, Male Vulnerability, Believ...","Episode 034 with Nate 'NastyNate' Tanzman - Healing Toxic Masculinity, Male Vulnerability, Believing In Yourself, Being Scared To Be Different and Letting Go Of Outgrown Identities","Episode 034 with Nate 'NastyNate' Tanzman - Healing Toxic Masculinity, Male Vulnerability, Believ...",YT≠RSS,2020-04-04,1:32:24,5544,Nate 'NastyNate' Tanzman,https://www.youtube.com/watch?v=V7PSmkc9qGQ,https://2.gum.fm/op3.dev/e/pdcn.co/e/pscrb.fm/rss/p/pdst.fm/e/dts.podtrac.com/redirect.mp3/media.transistor.fm/f7ec1477/433dd598.mp3,https://share.transistor.fm/s/f7ec1477,episode_number,unknown,unknown,no,yes,no,no,4843
0033,The Junkyard Love Podcast Episode 033 with Andy of Team Banzai,Episode 033 with Andy of Team Banzai,The Junkyard Love Podcast Episode 033 with Andy of Team Banzai,YT≠RSS,2020-03-31,1:28:52,5332,Andy of Team Banzai,https://www.youtube.com/watch?v=EOsoCoK8r-I,https://2.gum.fm/op3.dev/e/pdcn.co/e/pscrb.fm/rss/p/pdst.fm/e/dts.podtrac.com/redirect.mp3/media.transistor.fm/249d45f5/99ad04d7.mp3,https://share.transistor.fm/s/249d45f5,episode_number,unknown,unknown,no,yes,no,no,3983
0032,"Episode 032 with Andre Gilbert and Roberto Gonzalez - The dreamers mindset, building a real found...","Episode 032 with Andre Gilbert and Roberto Gonzalez - The dreamers mindset, building a real foundation, enjoying the journey and committing to your vision","Episode 032 with Andre Gilbert and Roberto Gonzalez - The dreamers mindset, building a real found...",YT≠RSS,2020-03-28,1:36:13,5773,Andre Gilbert and Roberto Gonzalez,https://www.youtube.com/watch?v=ESd6VriJ1TE,https://2.gum.fm/op3.dev/e/pdcn.co/e/pscrb.fm/rss/p/pdst.fm/e/dts.podtrac.com/redirect.mp3/media.transistor.fm/a40ced6a/e0e959f4.mp3,https://share.transistor.fm/s/a40ced6a,episode_number,unknown,unknown,no,yes,no,no,2769
0031,Episode 031 with Madi Allis of Vail Denim,Episode 031 with Madi Allis of Vail Denim,Episode 031 with Madi Allis of Vail Denim,,2020-03-22,1:43:19,6199,Madi Allis of Vail Denim,https://www.youtube.com/watch?v=TrplEjfpthg,https://2.gum.fm/op3.dev/e/pdcn.co/e/pscrb.fm/rss/p/pdst.fm/e/dts.podtrac.com/redirect.mp3/media.transistor.fm/3bfa2419/aebd52e0.mp3,https://share.transistor.fm/s/3bfa2419,episode_number,unknown,unknown,no,no,no,no,3779
0030,"Episode 030 with Kelly St. Onge - Mathematics, Science, Quantum Physics and Unlocking The Univers...","Episode 030 with Kelly St. Onge - Mathematics, Science, Quantum Physics and Unlocking The Universe With Knowledge","Episode 030 with Kelly St. Onge - Mathematics, Science, Quantum Physics and Unlocking The Univers...",YT≠RSS,2020-03-18,1:42:28,6148,Kelly St. Onge,https://www.youtube.com/watch?v=kLTOTQmNXOk,https://2.gum.fm/op3.dev/e/pdcn.co/e/pscrb.fm/rss/p/pdst.fm/e/dts.podtrac.com/redirect.mp3/media.transistor.fm/8484d53d/b7fa88ea.mp3,https://share.transistor.fm/s/8484d53d,episode_number,unknown,unknown,no,no,no,no,4797
0028,Episode 028 with Yanis 'Kanideis' Pisarchuk,Episode 028 with Yanis 'Kanideis' Pisarchuk,Episode 028 with Yanis 'Kanideis' Pisarchuk,,2020-03-11,1:41:15,6075,Yanis 'Kanideis' Pisarchuk,https://www.youtube.com/watch?v=KeR8diOBDis,https://2.gum.fm/op3.dev/e/pdcn.co/e/pscrb.fm/rss/p/pdst.fm/e/dts.podtrac.com/redirect.mp3/media.transistor.fm/2dfd5e64/91033b2e.mp3,https://share.transistor.fm/s/2dfd5e64,episode_number,unknown,unknown,no,yes,no,yes,3311
0027,Episode 027 with Mackenzie Thornquist,Episode 027 with Mackenzie Thornquist,Episode 027 with Mackenzie Thornquist,,2020-03-02,1:47:19,6439,Mackenzie Thornquist,https://www.youtube.com/watch?v=q-bT-N3PhD0,https://2.gum.fm/op3.dev/e/pdcn.co/e/pscrb.fm/rss/p/pdst.fm/e/dts.podtrac.com/redirect.mp3/media.transistor.fm/9dd071e8/cc4fe4a7.mp3,https://share.transistor.fm/s/9dd071e8,episode_number,unknown,unknown,no,yes,no,no,3173
0026,Episode 026 with Scott Pisapia of Roots Basketball Academy,Episode 026 with Scott Pisapia of Roots Basketball Academy,Episode 026 with Scott Pisapia of Roots Basketball Academy,,2020-02-24,2:28:20,8900,Scott Pisapia of Roots Basketball Academy,https://www.youtube.com/watch?v=GvabFr82Zn0,https://2.gum.fm/op3.dev/e/pdcn.co/e/pscrb.fm/rss/p/pdst.fm/e/dts.podtrac.com/redirect.mp3/media.transistor.fm/20521579/dd89db77.mp3,https://share.transistor.fm/s/20521579,episode_number,unknown,unknown,no,yes,no,yes,5085
0025,Episode 025 with Jordenelle Tsugawa,Episode 025 with Jordenelle Tsugawa,Episode 025 with Jordenelle Tsugawa,,2020-02-18,2:21:09,8469,Jordenelle Tsugawa,https://www.youtube.com/watch?v=BRKmGl5XGVA,https://2.gum.fm/op3.dev/e/pdcn.co/e/pscrb.fm/rss/p/pdst.fm/e/dts.podtrac.com/redirect.mp3/media.transistor.fm/76e14b5a/02080033.mp3,https://share.transistor.fm/s/76e14b5a,episode_number,unknown,unknown,no,yes,no,no,5965
0024,Episode 024 with Maxx V. Payne,Episode 024 with Maxx V. Payne,Episode 024 with Maxx V. Payne,,2020-02-10,1:49:32,6572,Maxx V. Payne,https://www.youtube.com/watch?v=3qTZQeM8VZY,https://2.gum.fm/op3.dev/e/pdcn.co/e/pscrb.fm/rss/p/pdst.fm/e/dts.podtrac.com/redirect.mp3/media.transistor.fm/5aede685/c9d9d128.mp3,https://share.transistor.fm/s/5aede685,episode_number,unknown,unknown,no,yes,no,no,3885
0023,Episode 023 with Spencer Hicks,Episode 023 with Spencer Hicks,Episode 023 with Spencer Hicks,,2020-02-02,1:19:36,4776,Spencer Hicks,https://www.youtube.com/watch?v=W_9LsPkj3wo,https://2.gum.fm/op3.dev/e/pdcn.co/e/pscrb.fm/rss/p/pdst.fm/e/dts.podtrac.com/redirect.mp3/media.transistor.fm/0519bcf9/dd5b80d6.mp3,https://share.transistor.fm/s/0519bcf9,episode_number,unknown,unknown,no,no,no,no,2631
0022,Episode 022 with Taya Sanders of Clover+Tribe,Episode 022 with Taya Sanders of Clover+Tribe,Episode 022 with Taya Sanders of Clover+Tribe,,2020-01-27,1:36:26,5786,Taya Sanders of Clover+Tribe,https://www.youtube.com/watch?v=C_iJuOC6CuQ,https://2.gum.fm/op3.dev/e/pdcn.co/e/pscrb.fm/rss/p/pdst.fm/e/dts.podtrac.com/redirect.mp3/media.transistor.fm/9121ad3a/698557fe.mp3,https://share.transistor.fm/s/9121ad3a,episode_number,unknown,unknown,no,yes,no,no,5151
0021,"Episode 021 with ""rosetan"" the band",Episode 021 with 'rosetan' the band,"Episode 021 with ""rosetan"" the band",YT≠RSS,2020-01-17,3:13:22,11602,"'rosetan' the band [YT conflict: ""rosetan"" the band]",https://www.youtube.com/watch?v=rONJltCa5bc,https://2.gum.fm/op3.dev/e/pdcn.co/e/pscrb.fm/rss/p/pdst.fm/e/dts.podtrac.com/redirect.mp3/media.transistor.fm/ca202c7b/fe2ddeb9.mp3,https://share.transistor.fm/s/ca202c7b,episode_number,unknown,unknown,no,yes,no,no,3971
0020,Episode 020 with Megan Elam,Episode 020 with Megan Elam,Episode 020 with Megan Elam,,2020-01-10,2:04:52,7492,Megan Elam,https://www.youtube.com/watch?v=oUcyl3f3L4Y,https://2.gum.fm/op3.dev/e/pdcn.co/e/pscrb.fm/rss/p/pdst.fm/e/dts.podtrac.com/redirect.mp3/media.transistor.fm/cb0cec30/a67ddd77.mp3,https://share.transistor.fm/s/cb0cec30,episode_number,unknown,unknown,no,no,no,no,3219
0019,Episode 019 with Kendall Johns of Dead Crown,Episode 019 with Kendall Johns of Dead Crown,Episode 019 with Kendall Johns of Dead Crown,,2020-01-04,2:13:31,8011,Kendall Johns of Dead Crown,https://www.youtube.com/watch?v=NX9gMzdgwuQ,https://2.gum.fm/op3.dev/e/pdcn.co/e/pscrb.fm/rss/p/pdst.fm/e/dts.podtrac.com/redirect.mp3/media.transistor.fm/f366be1b/a8cbda23.mp3,https://share.transistor.fm/s/f366be1b,episode_number,unknown,unknown,no,yes,no,no,6449
0018,Episode 018 with Nate 'NastyNate' Tanzman,Episode 018 with Nate 'NastyNate' Tanzman,Episode 018 with Nate 'NastyNate' Tanzman,,2019-12-29,1:09:58,4198,Nate 'NastyNate' Tanzman,https://www.youtube.com/watch?v=2cyT2QSb0gc,https://2.gum.fm/op3.dev/e/pdcn.co/e/pscrb.fm/rss/p/pdst.fm/e/dts.podtrac.com/redirect.mp3/media.transistor.fm/a139f4c1/b3816f56.mp3,https://share.transistor.fm/s/a139f4c1,episode_number,unknown,unknown,no,yes,no,no,3941
0017,Episode 017 with Spencer Hicks,Episode 017 with Spencer Hicks,Episode 017 with Spencer Hicks,,2019-12-28,1:48:48,6528,Spencer Hicks,https://www.youtube.com/watch?v=Ng6tF8sKCWw,https://2.gum.fm/op3.dev/e/pdcn.co/e/pscrb.fm/rss/p/pdst.fm/e/dts.podtrac.com/redirect.mp3/media.transistor.fm/0dd2f3c2/7c258c54.mp3,https://share.transistor.fm/s/0dd2f3c2,episode_number,unknown,unknown,no,yes,no,no,3961
0015,Episode 015 with Jordanne Crane,Episode 015 with Jordanne Crane,Episode 015 with Jordanne Crane,,2019-12-25,1:12:01,4321,Jordanne Crane,https://www.youtube.com/watch?v=-4FH2DMxo2U,https://2.gum.fm/op3.dev/e/pdcn.co/e/pscrb.fm/rss/p/pdst.fm/e/dts.podtrac.com/redirect.mp3/media.transistor.fm/ee092acf/bbf6c071.mp3,https://share.transistor.fm/s/ee092acf,episode_number,unknown,unknown,no,no,no,no,3157
0013,Episode 013 with Nona Southard,Episode 013 with Nona Southard,Episode 013 with Nona Southard,,2019-12-18,1:23:25,5005,Nona Southard,https://www.youtube.com/watch?v=svvD3mOCox0,https://2.gum.fm/op3.dev/e/pdcn.co/e/pscrb.fm/rss/p/pdst.fm/e/dts.podtrac.com/redirect.mp3/media.transistor.fm/c71f5888/b7914bcb.mp3,https://share.transistor.fm/s/c71f5888,episode_number,unknown,unknown,no,yes,no,no,2287
0012,Episode 012 with Bob Kendall,Episode 012 with Bob Kendall,Episode 012 with Bob Kendall,,2019-12-15,1:07:13,4033,Bob Kendall,https://www.youtube.com/watch?v=vlwZgiNzBf4,https://2.gum.fm/op3.dev/e/pdcn.co/e/pscrb.fm/rss/p/pdst.fm/e/dts.podtrac.com/redirect.mp3/media.transistor.fm/8ab2f46e/c0d294df.mp3,https://share.transistor.fm/s/8ab2f46e,episode_number,unknown,unknown,no,no,no,no,2985
0011,Episode 011 with Spencer Hicks,Episode 011 with Spencer Hicks,Episode 011 with Spencer Hicks,,2019-12-13,1:38:46,5926,Spencer Hicks,https://www.youtube.com/watch?v=oSqN2HXKe54,https://2.gum.fm/op3.dev/e/pdcn.co/e/pscrb.fm/rss/p/pdst.fm/e/dts.podtrac.com/redirect.mp3/media.transistor.fm/f682cb2b/52a40954.mp3,https://share.transistor.fm/s/f682cb2b,episode_number,unknown,unknown,no,no,no,no,1057
0010,Episode 010 with Brian 'Dj Toasty' Andrews and Kelly 'K3lls' St. Onge,Episode 010 with Brian 'Dj Toasty' Andrews and Kelly 'K3lls' St. Onge,Episode 010 with Brian 'Dj Toasty' Andrews and Kelly 'K3lls' St. Onge,,2019-12-13,1:46:43,6403,Brian 'Dj Toasty' Andrews and Kelly 'K3lls' St. Onge,https://www.youtube.com/watch?v=I5CT511iwvk,https://2.gum.fm/op3.dev/e/pdcn.co/e/pscrb.fm/rss/p/pdst.fm/e/dts.podtrac.com/redirect.mp3/media.transistor.fm/f05f59d0/ee5206cd.mp3,https://share.transistor.fm/s/f05f59d0,episode_number,unknown,unknown,no,yes,no,no,2621
0009,Episode 009 with Shaden 'Hvshi' Nugent,Episode 009 with Shaden 'Hvshi' Nugent,Episode 009 with Shaden 'Hvshi' Nugent,,2019-12-11,1:04:14,3854,Shaden 'Hvshi' Nugent,https://www.youtube.com/watch?v=VijHLQP1MxY,https://2.gum.fm/op3.dev/e/pdcn.co/e/pscrb.fm/rss/p/pdst.fm/e/dts.podtrac.com/redirect.mp3/media.transistor.fm/f22b63cf/29ab26fa.mp3,https://share.transistor.fm/s/f22b63cf,episode_number,unknown,unknown,no,no,no,no,1689
0008,Episode 008 with Nate 'NastyNate' Tanzman,Episode 008 with Nate 'NastyNate' Tanzman,Episode 008 with Nate 'NastyNate' Tanzman,,2019-12-09,1:31:29,5489,Nate 'NastyNate' Tanzman,https://www.youtube.com/watch?v=-Dfv_OLNZDE,https://2.gum.fm/op3.dev/e/pdcn.co/e/pscrb.fm/rss/p/pdst.fm/e/dts.podtrac.com/redirect.mp3/media.transistor.fm/23e0b355/f97bdb6b.mp3,https://share.transistor.fm/s/23e0b355,episode_number,unknown,unknown,no,yes,yes,no,1623
0007,Episode 007 with Jessica Faul,Episode 007 with Jessica Faul,Episode 007 with Jessica Faul,,2019-12-05,2:39:44,9584,Jessica Faul,https://www.youtube.com/watch?v=rXieKKyBQRo,https://2.gum.fm/op3.dev/e/pdcn.co/e/pscrb.fm/rss/p/pdst.fm/e/dts.podtrac.com/redirect.mp3/media.transistor.fm/9268f021/6f25948e.mp3,https://share.transistor.fm/s/9268f021,episode_number,unknown,unknown,no,yes,no,no,1869
0006,Episode 006 with Ryan 'Tos' Santos,Episode 006 with Ryan 'Tos' Santos,Episode 006 with Ryan 'Tos' Santos,,2019-11-28,2:04:28,7468,Ryan 'Tos' Santos,https://www.youtube.com/watch?v=ealUSRdB9BA,https://2.gum.fm/op3.dev/e/pdcn.co/e/pscrb.fm/rss/p/pdst.fm/e/dts.podtrac.com/redirect.mp3/media.transistor.fm/6b8d427c/ec9bb8e3.mp3,https://share.transistor.fm/s/6b8d427c,episode_number,unknown,unknown,no,yes,no,no,1659
0005,Episode 005 with Jaycie Randall,Episode 005 with Jaycie Randall,Episode 005 with Jaycie Randall,,2019-11-27,1:11:52,4312,Jaycie Randall,https://www.youtube.com/watch?v=jx-zGMfKoxk,https://2.gum.fm/op3.dev/e/pdcn.co/e/pscrb.fm/rss/p/pdst.fm/e/dts.podtrac.com/redirect.mp3/media.transistor.fm/12da5d89/80d36f13.mp3,https://share.transistor.fm/s/12da5d89,episode_number,unknown,unknown,no,no,no,no,1309
0004,Episode 004 with Zack Wyld of Wyld Productions,Episode 004 with Zack Wyld of Wyld Productions,Episode 004 with Zack Wyld of Wyld Productions,,2019-11-25,1:27:03,5223,Zack Wyld of Wyld Productions,https://www.youtube.com/watch?v=lAOZvAUurL4,https://2.gum.fm/op3.dev/e/pdcn.co/e/pscrb.fm/rss/p/pdst.fm/e/dts.podtrac.com/redirect.mp3/media.transistor.fm/158d3d9e/058b00fd.mp3,https://share.transistor.fm/s/158d3d9e,episode_number,unknown,unknown,no,no,no,no,863
0003,Episode 003 with Spencer Hicks,Episode 003 with Spencer Hicks,Episode 003 with Spencer Hicks,,2019-11-25,1:19:46,4786,Spencer Hicks,https://www.youtube.com/watch?v=xBXbCjWmYcA,https://2.gum.fm/op3.dev/e/pdcn.co/e/pscrb.fm/rss/p/pdst.fm/e/dts.podtrac.com/redirect.mp3/media.transistor.fm/75ec3d31/34495f07.mp3,https://share.transistor.fm/s/75ec3d31,episode_number,unknown,unknown,no,no,no,no,627
0002,Episode 002 with Rob Gonzalez of EYE Clothing,Episode 002 with Rob Gonzalez of EYE Clothing,Episode 002 with Rob Gonzalez of EYE Clothing,,2019-11-24,44:12,2652,Rob Gonzalez of EYE Clothing,https://www.youtube.com/watch?v=Z8C9RSb3YI8,https://2.gum.fm/op3.dev/e/pdcn.co/e/pscrb.fm/rss/p/pdst.fm/e/dts.podtrac.com/redirect.mp3/media.transistor.fm/3a4d4401/dd893211.mp3,https://share.transistor.fm/s/3a4d4401,episode_number,unknown,unknown,no,no,no,no,463
